ISBN;BookID;Format;PubID;Publication Date;Pages;Print Run Size (k);Price
989-28-79-70597-8;TT359;Hardcover;ESP;6/2/78;277;15;27,99
989-28-654-6930-3;NP937;Hardcover;PP;8/18/78;394;6;30,99
989-28-79-52883-6;PA169;Hardcover;PP;9/8/78;384;10;27,99
989-28-79-43574-5;TM925;Graphic;ESP;9/15/78;187;8;23,99
989-28-654-5794-2;HS107;Hardcover;PP;9/29/78;640;3;26,99
989-28-79-44730-4;DR914;Mass market paperback;ESP;1/5/79;575;4;8,99
989-28-654-5771-3;HS107;Trade paperback;PP;1/12/79;631;5;15,99
989-28-79-04510-4;TT359;Mass market paperback;ESP;2/16/79;264;25;8,99
989-28-79-18127-7;AY135;Hardcover;ESP;4/24/79;704;15;27,99
989-28-79-68089-3;BB194;Hardcover;ESP;5/18/79;401;10;21,5
989-28-79-22871-2;TI225;Mass market paperback;ESP;7/13/79;452;15;8,99
989-28-79-01991-4;PA169;Trade paperback;PP;9/7/79;356;16;12,5
989-28-654-0047-4;NP937;Trade paperback;PP;4/18/80;371;6;15,99
989-28-79-67891-3;SS361;Hardcover;ESP;7/25/80;105;14;27,99
989-28-654-2620-7;NC652;Hardcover;PP;9/12/80;390;4;32,99
989-28-3705-054-6;HP265;Paperback;CHP;3/6/81;28;18;7,99
989-28-79-45675-7;SS361;Trade paperback;ESP;7/3/81;105;20;12,5
989-28-79-82749-6;NR695;Hardcover;ESP;7/10/81;384;5;22,99
989-28-79-30536-9;NB483;Mass market paperback;ESP;7/26/81;311;22;8,99
989-28-229-1404-4;TS869;Mass market paperback;SSC;12/11/81;381;11;9,5
989-28-229-7592-2;MW621;Mass market paperback;SSC;3/5/82;362;13;9,5
989-28-3705-222-9;AK974;Trade paperback;CHP;7/23/82;256;35;11,99
989-28-79-69807-2;NR695;Mass market paperback;ESP;9/24/82;414;12;8,99
989-28-79-42728-3;IA439;Hardcover;ESP;11/5/82;493;20;27,99
989-28-654-7965-4;WO506;Hardcover;PP;12/17/82;288;3;29,99
989-28-79-87459-9;TH556;Graphic;ESP;12/21/82;88;3;23,99
989-28-229-6632-6;WG715;Mass market paperback;SSC;2/14/83;423;16;9,5
989-28-79-32105-5;DY800;Mass market paperback;ESP;2/25/83;390;29;8,99
989-28-79-71565-6;TM925;Hardcover;ESP;2/25/83;819;25;21,5
989-28-79-43841-8;QQ737;Hardcover;ESP;4/1/83;373;3;18,5
989-28-79-61125-5;IA439;Trade paperback;ESP;5/27/83;470;40;12,5
989-28-654-0127-3;WO506;Trade paperback;PP;12/9/83;295;7;16,99
989-28-654-9826-6;DE571;Hardcover;PP;12/16/83;480;4;28,99
989-28-654-8573-0;TH143;Hardcover;PP;1/13/84;598;9;23,99
989-28-79-82125-8;TH296;Hardcover;ESP;2/10/84;293;10;22,99
989-28-79-14379-4;QQ737;Trade paperback;ESP;2/29/84;373;42;11,99
989-28-654-6033-1;TH143;Trade paperback;PP;1/4/85;598;12;15,99
989-28-229-0197-6;TO369;Mass market paperback;SSC;2/8/85;255;20;9,5
989-28-654-4370-9;DE571;Trade paperback;PP;3/29/85;480;5;15,99
989-28-79-13801-1;TM925;Mass market paperback;ESP;7/19/85;672;71;8,99
989-28-3705-633-3;IG460;Hardcover;CHP;8/9/85;222;3;19,99
989-28-3705-987-7;AD222;Trade paperback;CHP;9/22/85;188;10;8,99
989-28-79-13871-4;TH296;Mass market paperback;ESP;9/27/85;357;25;8,99
989-28-79-05638-4;TC188;Hardcover;ESP;11/15/85;485;12;27,99
989-28-79-91028-0;TM925;Trade paperback;ESP;4/14/86;784;50;12,5
989-28-3705-966-2;HP265;Paperback;CHP;5/2/86;31;25;10,99
989-28-3705-607-4;IG460;Trade paperback;CHP;7/25/86;218;10;11,99
989-28-229-5891-8;LB510;Mass market paperback;SSC;7/25/86;380;25;9,5
989-28-3705-592-3;BF889;Board book;CHP;10/10/86;12;8;6,99
989-28-79-82197-5;TC188;Trade paperback;ESP;12/5/86;469;20;12,5
989-28-79-22562-9;ZT703;Hardcover;ESP;12/12/86;356;18;20,99
989-28-79-40897-8;PP866;Hardcover;ESP;2/20/87;656;32;21,5
989-28-79-23015-9;CH391;Hardcover;ESP;3/6/87;404;2;18,5
989-28-3705-152-9;BF889;Paperback;CHP;4/3/87;20;10;7,99
989-28-3705-583-1;BC244;Board book;CHP;5/8/87;13;10;6,99
989-28-79-07610-8;KA663;Hardcover;ESP;5/15/87;432;25;27,99
989-28-3705-649-4;BR858;Board book;CHP;7/10/87;11;10;6,99
989-28-79-51397-9;TT773;Hardcover;ESP;8/28/87;292;40;21,5
989-28-3705-775-0;BC244;Paperback;CHP;11/6/87;22;15;7,99
989-28-79-05670-4;ZT703;Mass market paperback;ESP;11/20/87;338;26;8,99
989-28-3705-136-9;BR858;Paperback;CHP;1/8/88;15;17;7,99
989-28-79-56856-6;CC830;Hardcover;ESP;2/19/88;434;25;21,5
989-28-79-26824-4;TT773;Mass market paperback;ESP;4/8/88;280;40;8,99
989-28-229-3157-7;SE355;Mass market paperback;SSC;4/15/88;336;35;9,5
989-28-3705-492-6;CH391;Trade paperback;CHP;4/24/88;404;7;11,99
989-28-3705-138-3;BF374;Board book;CHP;5/27/88;12;18;6,99
989-28-3705-007-2;HP265;Board book;CHP;6/3/88;16;55;5,99
989-28-3705-369-1;BF374;Paperback;CHP;10/14/88;20;18;7,99
989-28-79-23023-4;PP866;Mass market paperback;ESP;10/21/88;792;78;8,99
989-28-79-21991-8;KA663;Mass market paperback;ESP;11/25/88;341;45;8,99
989-28-79-68531-7;ST303;Hardcover;ESP;1/6/89;437;7;21,5
989-28-79-96705-5;CC830;Mass market paperback;ESP;3/17/89;381;50;8,99
989-28-79-16826-1;AM124;Graphic;ESP;3/24/89;85;3;23,99
989-28-654-2017-5;IC739;Hardcover;PP;6/9/89;337;16;29,99
989-28-79-16533-8;ST862;Hardcover;ESP;2/16/90;531;9;21,5
989-28-79-69359-6;CP573;Hardcover;ESP;3/2/90;706;6;21,5
989-28-79-16808-7;ST303;Trade paperback;ESP;5/18/90;458;11;12,5
989-28-654-5018-9;IC739;Trade paperback;PP;7/15/90;385;20;16,99
989-28-79-36485-4;ST862;Trade paperback;ESP;9/14/90;520;15;12,5
989-28-79-27078-0;NL209;Graphic;ESP;10/5/90;192;4;23,99
989-28-79-55824-6;CP573;Mass market paperback;ESP;12/21/90;651;15;8,99
989-28-79-82339-9;TC401;Hardcover;ESP;2/22/91;421;10;21,5
989-28-654-9484-8;SS693;Hardcover;PP;3/1/91;400;8;23,99
989-28-654-3988-7;LS176;Hardcover;PP;3/15/91;368;2;48
989-28-79-86624-2;TP887;Hardcover;ESP;5/14/91;1296;30;35,84
989-28-79-64693-6;AY135;Trade paperback;ESP;8/25/91;645;36;12,5
989-28-229-9769-6;BS284;Mass market paperback;SSC;9/20/91;368;37;9,5
989-28-3705-763-7;MM424;Hardcover;CHP;11/15/91;324;3;22,99
989-28-79-74374-1;RR774;Hardcover;ESP;1/3/92;1218;40;21,5
989-28-79-55752-2;TC401;Mass market paperback;ESP;4/3/92;398;18;8,99
989-28-654-6507-7;SS693;Trade paperback;PP;5/15/92;387;8;15,99
989-28-79-03683-6;TA182;Hardcover;ESP;7/3/92;340;35;18,5
989-28-654-3899-6;WK456;Hardcover;PP;8/14/92;207;2;29,99
989-28-79-11297-4;TP887;Trade paperback;ESP;8/25/92;1296;30;13,46
989-28-3705-205-2;MM424;Trade paperback;CHP;9/18/92;324;8;11,99